<ImportExportXml xmlns:xsi="http://www.w3.org/2001/XMLSchema-instance">
  <Entities></Entities>
  <Roles></Roles>
  <Workflows></Workflows>
  <FieldSecurityProfiles></FieldSecurityProfiles>
  <Templates />
  <EntityMaps />
  <EntityRelationships />
  <OrganizationSettings />
  <optionsets />
  <CustomControls />
  <EntityDataProviders />
  <Connectors>
    <Connector>
      <connectorid>0f4730e6-b3f9-ed11-8848-00224809bc5b</connectorid>
      <description></description>
      <displayname>InventAPI_Connector</displayname>
      <iconbrandcolor>#007ee5</iconbrandcolor>
      <name>new_inventapi-5Fconnector</name>
      <connectortype>1</connectortype>
      <openapidefinition>/Connector/new_inventapi-5Fconnector_openapidefinition.json</openapidefinition>
      <connectionparameters>/Connector/new_inventapi-5Fconnector_connectionparameters.json</connectionparameters>
      <policytemplateinstances>/Connector/new_inventapi-5Fconnector_policytemplateinstances.json</policytemplateinstances>
    </Connector>
  </Connectors>
  <Languages>
    <Language>1033</Language>
  </Languages>
</ImportExportXml>