<ImportExportXml xmlns:xsi="http://www.w3.org/2001/XMLSchema-instance">
  <Entities></Entities>
  <Roles></Roles>
  <Workflows></Workflows>
  <FieldSecurityProfiles></FieldSecurityProfiles>
  <Templates />
  <EntityMaps />
  <EntityRelationships />
  <OrganizationSettings />
  <optionsets />
  <CustomControls />
  <EntityDataProviders />
  <CanvasApps>
    <CanvasApp>
      <Name>msbuild_inventonhand_2be80</Name>
      <AppVersion>2023-07-19T15:21:15Z</AppVersion>
      <Status>Ready</Status>
      <CreatedByClientVersion>3.23071.11.0</CreatedByClientVersion>
      <MinClientVersion>3.23071.11.0</MinClientVersion>
      <Tags>{"primaryDeviceWidth":"640","primaryDeviceHeight":"1136","supportsPortrait":"true","supportsLandscape":"true","primaryFormFactor":"Phone","publisherVersion":"3.23071.11","minimumRequiredApiVersion":"2.2.0","hasComponent":"false","hasUnlockedComponent":"false","isUnifiedRootApp":"false"}</Tags>
      <IsCdsUpgraded>0</IsCdsUpgraded>
      <GalleryItemId xsi:nil="true"></GalleryItemId>
      <BackgroundColor>RGBA(0,176,240,1)</BackgroundColor>
      <DisplayName>InventOnHand</DisplayName>
      <Description xsi:nil="true"></Description>
      <CommitMessage xsi:nil="true"></CommitMessage>
      <Publisher xsi:nil="true"></Publisher>
      <AuthorizationReferences>[]</AuthorizationReferences>
      <ConnectionReferences>{"bf0328c7-b0ab-49b3-9069-d1ab4cec4612":{"id":"/providers/microsoft.powerapps/apis/shared_new-5finventapi-5fconnector-5fad84488acc8b1b71","displayName":"InventAPI_Connector","iconUri":"https://az787822.vo.msecnd.net/defaulticons/api-dedicated.png","dataSources":["InventAPI_Connector"],"dependencies":[],"dependents":[],"parameterHints":{},"parameterHintsV2":{},"isOnPremiseConnection":false,"dataSets":{},"apiTier":"Standard","actions":["GetItems","GetInventOnHand"],"customApiLogicalName":"new_inventapi-5Fconnector","isCustomApiSolutionAware":true}}</ConnectionReferences>
      <DatabaseReferences>{}</DatabaseReferences>
      <AppComponents>[]</AppComponents>
      <AppComponentDependencies>[]</AppComponentDependencies>
      <CanConsumeAppPass>1</CanConsumeAppPass>
      <CanvasAppType>0</CanvasAppType>
      <BypassConsent>0</BypassConsent>
      <AdminControlBypassConsent>0</AdminControlBypassConsent>
      <EmbeddedApp xsi:nil="true"></EmbeddedApp>
      <IntroducedVersion>1.0</IntroducedVersion>
      <CdsDependencies>{"cdsdependencies":[{"logicalname":"new_inventapi-5Fconnector","componenttype":372,"componenttypeplatformname":"connector"}]}</CdsDependencies>
      <IsCustomizable>1</IsCustomizable>
      <BackgroundImageUri>/CanvasApps/msbuild_inventonhand_2be80_BackgroundImageUri</BackgroundImageUri>
      <DocumentUri>/CanvasApps/msbuild_inventonhand_2be80_DocumentUri.msapp</DocumentUri>
    </CanvasApp>
  </CanvasApps>
  <Connectors>
    <Connector>
      <connectorid>83d89ce3-4626-ee11-9966-00224809bc5b</connectorid>
      <description></description>
      <displayname>InventAPI_Connector</displayname>
      <iconbrandcolor>#007ee5</iconbrandcolor>
      <name>new_inventapi-5Fconnector</name>
      <connectortype>1</connectortype>
      <openapidefinition>/Connector/new_inventapi-5Fconnector_openapidefinition.json</openapidefinition>
      <connectionparameters>/Connector/new_inventapi-5Fconnector_connectionparameters.json</connectionparameters>
      <policytemplateinstances>/Connector/new_inventapi-5Fconnector_policytemplateinstances.json</policytemplateinstances>
    </Connector>
  </Connectors>
  <Languages>
    <Language>1033</Language>
  </Languages>
</ImportExportXml>